id,name,state_id/idkabupaten_id_1,Aceh Barat,base.state_id_ackabupaten_id_2,Aceh Barat Daya,base.state_id_ackabupaten_id_3,Aceh Besar,base.state_id_ackabupaten_id_4,Aceh Jaya,base.state_id_ackabupaten_id_5,Aceh Selatan,base.state_id_ackabupaten_id_6,Aceh Singkil,base.state_id_ackabupaten_id_7,Aceh Tamiang,base.state_id_ackabupaten_id_8,Aceh Tengah,base.state_id_ackabupaten_id_9,Aceh Tenggara,base.state_id_ackabupaten_id_10,Aceh Timur,base.state_id_ackabupaten_id_11,Aceh Utara,base.state_id_ackabupaten_id_12,Agam,base.state_id_sbkabupaten_id_13,Alor,base.state_id_ntkabupaten_id_14,Ambon,base.state_id_makabupaten_id_15,Asahan,base.state_id_sukabupaten_id_16,Asmat,base.state_id_pakabupaten_id_17,Badung,base.state_id_bakabupaten_id_18,Balangan,base.state_id_kskabupaten_id_19,Balikpapan,base.state_id_kikabupaten_id_20,Banda Aceh,base.state_id_ackabupaten_id_21,Bandar Lampung,base.state_id_lakabupaten_id_22,Bandung,base.state_id_jbkabupaten_id_23,Bandung,base.state_id_jbkabupaten_id_24,Bandung Barat,base.state_id_jbkabupaten_id_25,Banggai,base.state_id_stkabupaten_id_26,Banggai Kepulauan,base.state_id_stkabupaten_id_27,Bangka,base.state_id_bbkabupaten_id_28,Bangka Barat,base.state_id_bbkabupaten_id_29,Bangka Selatan,base.state_id_bbkabupaten_id_30,Bangka Tengah,base.state_id_bbkabupaten_id_31,Bangkalan,base.state_id_jikabupaten_id_32,Bangli,base.state_id_bakabupaten_id_33,Banjar,base.state_id_kskabupaten_id_34,Banjar,base.state_id_jbkabupaten_id_35,Banjarbaru,base.state_id_kskabupaten_id_36,Banjarmasin,base.state_id_kskabupaten_id_37,Banjarnegara,base.state_id_jtkabupaten_id_38,Bantaeng,base.state_id_snkabupaten_id_39,Bantul,base.state_id_yokabupaten_id_40,Banyuasin,base.state_id_sskabupaten_id_41,Banyumas,base.state_id_jtkabupaten_id_42,Banyuwangi,base.state_id_jikabupaten_id_43,Barito Kuala,base.state_id_kskabupaten_id_44,Barito Selatan,base.state_id_ktkabupaten_id_45,Barito Timur,base.state_id_ktkabupaten_id_46,Barito Utara,base.state_id_ktkabupaten_id_47,Barru,base.state_id_snkabupaten_id_48,Batam,base.state_id_krkabupaten_id_49,Batang,base.state_id_jtkabupaten_id_50,Batang Hari,base.state_id_jakabupaten_id_51,Batu,base.state_id_jikabupaten_id_52,Batu Bara,base.state_id_sukabupaten_id_53,Bau-Bau,base.state_id_sgkabupaten_id_54,Bekasi,base.state_id_jbkabupaten_id_55,Bekasi,base.state_id_jbkabupaten_id_56,Belitung,base.state_id_bbkabupaten_id_57,Belitung Timur,base.state_id_bbkabupaten_id_58,Belu,base.state_id_ntkabupaten_id_59,Bener Meriah,base.state_id_ackabupaten_id_60,Bengkalis,base.state_id_rikabupaten_id_61,Bengkayang,base.state_id_kbkabupaten_id_62,Bengkulu,base.state_id_bekabupaten_id_63,Bengkulu Selatan,base.state_id_bekabupaten_id_64,Bengkulu Tengah,base.state_id_bekabupaten_id_65,Bengkulu Utara,base.state_id_bekabupaten_id_66,Berau,base.state_id_kikabupaten_id_67,Biak Numfor,base.state_id_pakabupaten_id_68,Bima,base.state_id_nbkabupaten_id_69,Bima,base.state_id_nbkabupaten_id_70,Binjai,base.state_id_sukabupaten_id_71,Bintan,base.state_id_krkabupaten_id_72,Bireuen,base.state_id_ackabupaten_id_73,Bitung,base.state_id_sakabupaten_id_74,Blitar,base.state_id_jikabupaten_id_75,Blitar,base.state_id_jikabupaten_id_76,Blora,base.state_id_jtkabupaten_id_77,Boalemo,base.state_id_gokabupaten_id_78,Bogor,base.state_id_jbkabupaten_id_79,Bogor,base.state_id_jbkabupaten_id_80,Bojonegoro,base.state_id_jikabupaten_id_81,Bolaang Mongondow (Bolmong),base.state_id_sakabupaten_id_82,Bolaang Mongondow Selatan,base.state_id_sakabupaten_id_83,Bolaang Mongondow Timur,base.state_id_sakabupaten_id_84,Bolaang Mongondow Utara,base.state_id_sakabupaten_id_85,Bombana,base.state_id_sgkabupaten_id_86,Bondowoso,base.state_id_jikabupaten_id_87,Bone,base.state_id_snkabupaten_id_88,Bone Bolango,base.state_id_gokabupaten_id_89,Bontang,base.state_id_kikabupaten_id_90,Boven Digoel,base.state_id_pakabupaten_id_91,Boyolali,base.state_id_jtkabupaten_id_92,Brebes,base.state_id_jtkabupaten_id_93,Bukittinggi,base.state_id_sbkabupaten_id_94,Buleleng,base.state_id_bakabupaten_id_95,Bulukumba,base.state_id_snkabupaten_id_96,Bulungan (Bulongan),base.state_id_kukabupaten_id_97,Bungo,base.state_id_jakabupaten_id_98,Buol,base.state_id_stkabupaten_id_99,Buru,base.state_id_makabupaten_id_100,Buru Selatan,base.state_id_makabupaten_id_101,Buton,base.state_id_sgkabupaten_id_102,Buton Utara,base.state_id_sgkabupaten_id_103,Ciamis,base.state_id_jbkabupaten_id_104,Cianjur,base.state_id_jbkabupaten_id_105,Cilacap,base.state_id_jtkabupaten_id_106,Cilegon,base.state_id_btkabupaten_id_107,Cimahi,base.state_id_jbkabupaten_id_108,Cirebon,base.state_id_jbkabupaten_id_109,Cirebon,base.state_id_jbkabupaten_id_110,Dairi,base.state_id_sukabupaten_id_111,Deiyai (Deliyai),base.state_id_pakabupaten_id_112,Deli Serdang,base.state_id_sukabupaten_id_113,Demak,base.state_id_jtkabupaten_id_114,Denpasar,base.state_id_bakabupaten_id_115,Depok,base.state_id_jbkabupaten_id_116,Dharmasraya,base.state_id_sbkabupaten_id_117,Dogiyai,base.state_id_pakabupaten_id_118,Dompu,base.state_id_nbkabupaten_id_119,Donggala,base.state_id_stkabupaten_id_120,Dumai,base.state_id_rikabupaten_id_121,Empat Lawang,base.state_id_sskabupaten_id_122,Ende,base.state_id_ntkabupaten_id_123,Enrekang,base.state_id_snkabupaten_id_124,Fakfak,base.state_id_pbkabupaten_id_125,Flores Timur,base.state_id_ntkabupaten_id_126,Garut,base.state_id_jbkabupaten_id_127,Gayo Lues,base.state_id_ackabupaten_id_128,Gianyar,base.state_id_bakabupaten_id_129,Gorontalo,base.state_id_gokabupaten_id_130,Gorontalo,base.state_id_gokabupaten_id_131,Gorontalo Utara,base.state_id_gokabupaten_id_132,Gowa,base.state_id_snkabupaten_id_133,Gresik,base.state_id_jikabupaten_id_134,Grobogan,base.state_id_jtkabupaten_id_135,Gunung Kidul,base.state_id_yokabupaten_id_136,Gunung Mas,base.state_id_ktkabupaten_id_137,Gunungsitoli,base.state_id_sukabupaten_id_138,Halmahera Barat,base.state_id_mukabupaten_id_139,Halmahera Selatan,base.state_id_mukabupaten_id_140,Halmahera Tengah,base.state_id_mukabupaten_id_141,Halmahera Timur,base.state_id_mukabupaten_id_142,Halmahera Utara,base.state_id_mukabupaten_id_143,Hulu Sungai Selatan,base.state_id_kskabupaten_id_144,Hulu Sungai Tengah,base.state_id_kskabupaten_id_145,Hulu Sungai Utara,base.state_id_kskabupaten_id_146,Humbang Hasundutan,base.state_id_sukabupaten_id_147,Indragiri Hilir,base.state_id_rikabupaten_id_148,Indragiri Hulu,base.state_id_rikabupaten_id_149,Indramayu,base.state_id_jbkabupaten_id_150,Intan Jaya,base.state_id_pakabupaten_id_151,Jakarta Barat,base.state_id_jkkabupaten_id_152,Jakarta Pusat,base.state_id_jkkabupaten_id_153,Jakarta Selatan,base.state_id_jkkabupaten_id_154,Jakarta Timur,base.state_id_jkkabupaten_id_155,Jakarta Utara,base.state_id_jkkabupaten_id_156,Jambi,base.state_id_jakabupaten_id_157,Jayapura,base.state_id_pakabupaten_id_158,Jayapura,base.state_id_pakabupaten_id_159,Jayawijaya,base.state_id_pakabupaten_id_160,Jember,base.state_id_jikabupaten_id_161,Jembrana,base.state_id_bakabupaten_id_162,Jeneponto,base.state_id_snkabupaten_id_163,Jepara,base.state_id_jtkabupaten_id_164,Jombang,base.state_id_jikabupaten_id_165,Kaimana,base.state_id_pbkabupaten_id_166,Kampar,base.state_id_rikabupaten_id_167,Kapuas,base.state_id_ktkabupaten_id_168,Kapuas Hulu,base.state_id_kbkabupaten_id_169,Karanganyar,base.state_id_jtkabupaten_id_170,Karangasem,base.state_id_bakabupaten_id_171,Karawang,base.state_id_jbkabupaten_id_172,Karimun,base.state_id_krkabupaten_id_173,Karo,base.state_id_sukabupaten_id_174,Katingan,base.state_id_ktkabupaten_id_175,Kaur,base.state_id_bekabupaten_id_176,Kayong Utara,base.state_id_kbkabupaten_id_177,Kebumen,base.state_id_jtkabupaten_id_178,Kediri,base.state_id_jikabupaten_id_179,Kediri,base.state_id_jikabupaten_id_180,Keerom,base.state_id_pakabupaten_id_181,Kendal,base.state_id_jtkabupaten_id_182,Kendari,base.state_id_sgkabupaten_id_183,Kepahiang,base.state_id_bekabupaten_id_184,Kepulauan Anambas,base.state_id_krkabupaten_id_185,Kepulauan Aru,base.state_id_makabupaten_id_186,Kepulauan Mentawai,base.state_id_sbkabupaten_id_187,Kepulauan Meranti,base.state_id_rikabupaten_id_188,Kepulauan Sangihe,base.state_id_sakabupaten_id_189,Kepulauan Seribu,base.state_id_jkkabupaten_id_190,Kepulauan Siau Tagulandang Biaro (Sitaro),base.state_id_sakabupaten_id_191,Kepulauan Sula,base.state_id_mukabupaten_id_192,Kepulauan Talaud,base.state_id_sakabupaten_id_193,Kepulauan Yapen (Yapen Waropen),base.state_id_pakabupaten_id_194,Kerinci,base.state_id_jakabupaten_id_195,Ketapang,base.state_id_kbkabupaten_id_196,Klaten,base.state_id_jtkabupaten_id_197,Klungkung,base.state_id_bakabupaten_id_198,Kolaka,base.state_id_sgkabupaten_id_199,Kolaka Utara,base.state_id_sgkabupaten_id_200,Konawe,base.state_id_sgkabupaten_id_201,Konawe Selatan,base.state_id_sgkabupaten_id_202,Konawe Utara,base.state_id_sgkabupaten_id_203,Kotabaru,base.state_id_kskabupaten_id_204,Kotamobagu,base.state_id_sakabupaten_id_205,Kotawaringin Barat,base.state_id_ktkabupaten_id_206,Kotawaringin Timur,base.state_id_ktkabupaten_id_207,Kuantan Singingi,base.state_id_rikabupaten_id_208,Kubu Raya,base.state_id_kbkabupaten_id_209,Kudus,base.state_id_jtkabupaten_id_210,Kulon Progo,base.state_id_yokabupaten_id_211,Kuningan,base.state_id_jbkabupaten_id_212,Kupang,base.state_id_ntkabupaten_id_213,Kupang,base.state_id_ntkabupaten_id_214,Kutai Barat,base.state_id_kikabupaten_id_215,Kutai Kartanegara,base.state_id_kikabupaten_id_216,Kutai Timur,base.state_id_kikabupaten_id_217,Labuhan Batu,base.state_id_sukabupaten_id_218,Labuhan Batu Selatan,base.state_id_sukabupaten_id_219,Labuhan Batu Utara,base.state_id_sukabupaten_id_220,Lahat,base.state_id_sskabupaten_id_221,Lamandau,base.state_id_ktkabupaten_id_222,Lamongan,base.state_id_jikabupaten_id_223,Lampung Barat,base.state_id_lakabupaten_id_224,Lampung Selatan,base.state_id_lakabupaten_id_225,Lampung Tengah,base.state_id_lakabupaten_id_226,Lampung Timur,base.state_id_lakabupaten_id_227,Lampung Utara,base.state_id_lakabupaten_id_228,Landak,base.state_id_kbkabupaten_id_229,Langkat,base.state_id_sukabupaten_id_230,Langsa,base.state_id_ackabupaten_id_231,Lanny Jaya,base.state_id_pakabupaten_id_232,Lebak,base.state_id_btkabupaten_id_233,Lebong,base.state_id_bekabupaten_id_234,Lembata,base.state_id_ntkabupaten_id_235,Lhokseumawe,base.state_id_ackabupaten_id_236,Lima Puluh Koto/Kota,base.state_id_sbkabupaten_id_237,Lingga,base.state_id_krkabupaten_id_238,Lombok Barat,base.state_id_nbkabupaten_id_239,Lombok Tengah,base.state_id_nbkabupaten_id_240,Lombok Timur,base.state_id_nbkabupaten_id_241,Lombok Utara,base.state_id_nbkabupaten_id_242,Lubuk Linggau,base.state_id_sskabupaten_id_243,Lumajang,base.state_id_jikabupaten_id_244,Luwu,base.state_id_snkabupaten_id_245,Luwu Timur,base.state_id_snkabupaten_id_246,Luwu Utara,base.state_id_snkabupaten_id_247,Madiun,base.state_id_jikabupaten_id_248,Madiun,base.state_id_jikabupaten_id_249,Magelang,base.state_id_jtkabupaten_id_250,Magelang,base.state_id_jtkabupaten_id_251,Magetan,base.state_id_jikabupaten_id_252,Majalengka,base.state_id_jbkabupaten_id_253,Majene,base.state_id_srkabupaten_id_254,Makassar,base.state_id_snkabupaten_id_255,Malang,base.state_id_jikabupaten_id_256,Malang,base.state_id_jikabupaten_id_257,Malinau,base.state_id_kukabupaten_id_258,Maluku Barat Daya,base.state_id_makabupaten_id_259,Maluku Tengah,base.state_id_makabupaten_id_260,Maluku Tenggara,base.state_id_makabupaten_id_261,Maluku Tenggara Barat,base.state_id_makabupaten_id_262,Mamasa,base.state_id_srkabupaten_id_263,Mamberamo Raya,base.state_id_pakabupaten_id_264,Mamberamo Tengah,base.state_id_pakabupaten_id_265,Mamuju,base.state_id_srkabupaten_id_266,Mamuju Utara,base.state_id_srkabupaten_id_267,Manado,base.state_id_sakabupaten_id_268,Mandailing Natal,base.state_id_sukabupaten_id_269,Manggarai,base.state_id_ntkabupaten_id_270,Manggarai Barat,base.state_id_ntkabupaten_id_271,Manggarai Timur,base.state_id_ntkabupaten_id_272,Manokwari,base.state_id_pbkabupaten_id_273,Manokwari Selatan,base.state_id_pbkabupaten_id_274,Mappi,base.state_id_pakabupaten_id_275,Maros,base.state_id_snkabupaten_id_276,Mataram,base.state_id_nbkabupaten_id_277,Maybrat,base.state_id_pbkabupaten_id_278,Medan,base.state_id_sukabupaten_id_279,Melawi,base.state_id_kbkabupaten_id_280,Merangin,base.state_id_jakabupaten_id_281,Merauke,base.state_id_pakabupaten_id_282,Mesuji,base.state_id_lakabupaten_id_283,Metro,base.state_id_lakabupaten_id_284,Mimika,base.state_id_pakabupaten_id_285,Minahasa,base.state_id_sakabupaten_id_286,Minahasa Selatan,base.state_id_sakabupaten_id_287,Minahasa Tenggara,base.state_id_sakabupaten_id_288,Minahasa Utara,base.state_id_sakabupaten_id_289,Mojokerto,base.state_id_jikabupaten_id_290,Mojokerto,base.state_id_jikabupaten_id_291,Morowali,base.state_id_stkabupaten_id_292,Muara Enim,base.state_id_sskabupaten_id_293,Muaro Jambi,base.state_id_jakabupaten_id_294,Muko Muko,base.state_id_bekabupaten_id_295,Muna,base.state_id_sgkabupaten_id_296,Murung Raya,base.state_id_ktkabupaten_id_297,Musi Banyuasin,base.state_id_sskabupaten_id_298,Musi Rawas,base.state_id_sskabupaten_id_299,Nabire,base.state_id_pakabupaten_id_300,Nagan Raya,base.state_id_ackabupaten_id_301,Nagekeo,base.state_id_ntkabupaten_id_302,Natuna,base.state_id_krkabupaten_id_303,Nduga,base.state_id_pakabupaten_id_304,Ngada,base.state_id_ntkabupaten_id_305,Nganjuk,base.state_id_jikabupaten_id_306,Ngawi,base.state_id_jikabupaten_id_307,Nias,base.state_id_sukabupaten_id_308,Nias Barat,base.state_id_sukabupaten_id_309,Nias Selatan,base.state_id_sukabupaten_id_310,Nias Utara,base.state_id_sukabupaten_id_311,Nunukan,base.state_id_kukabupaten_id_312,Ogan Ilir,base.state_id_sskabupaten_id_313,Ogan Komering Ilir,base.state_id_sskabupaten_id_314,Ogan Komering Ulu,base.state_id_sskabupaten_id_315,Ogan Komering Ulu Selatan,base.state_id_sskabupaten_id_316,Ogan Komering Ulu Timur,base.state_id_sskabupaten_id_317,Pacitan,base.state_id_jikabupaten_id_318,Padang,base.state_id_sbkabupaten_id_319,Padang Lawas,base.state_id_sukabupaten_id_320,Padang Lawas Utara,base.state_id_sukabupaten_id_321,Padang Panjang,base.state_id_sbkabupaten_id_322,Padang Pariaman,base.state_id_sbkabupaten_id_323,Padang Sidempuan,base.state_id_sukabupaten_id_324,Pagar Alam,base.state_id_sskabupaten_id_325,Pakpak Bharat,base.state_id_sukabupaten_id_326,Palangka Raya,base.state_id_ktkabupaten_id_327,Palembang,base.state_id_sskabupaten_id_328,Palopo,base.state_id_snkabupaten_id_329,Palu,base.state_id_stkabupaten_id_330,Pamekasan,base.state_id_jikabupaten_id_331,Pandeglang,base.state_id_btkabupaten_id_332,Pangandaran,base.state_id_jbkabupaten_id_333,Pangkajene Kepulauan,base.state_id_snkabupaten_id_334,Pangkal Pinang,base.state_id_bbkabupaten_id_335,Paniai,base.state_id_pakabupaten_id_336,Parepare,base.state_id_snkabupaten_id_337,Pariaman,base.state_id_sbkabupaten_id_338,Parigi Moutong,base.state_id_stkabupaten_id_339,Pasaman,base.state_id_sbkabupaten_id_340,Pasaman Barat,base.state_id_sbkabupaten_id_341,Paser,base.state_id_kikabupaten_id_342,Pasuruan,base.state_id_jikabupaten_id_343,Pasuruan,base.state_id_jikabupaten_id_344,Pati,base.state_id_jtkabupaten_id_345,Payakumbuh,base.state_id_sbkabupaten_id_346,Pegunungan Arfak,base.state_id_pbkabupaten_id_347,Pegunungan Bintang,base.state_id_pakabupaten_id_348,Pekalongan,base.state_id_jtkabupaten_id_349,Pekalongan,base.state_id_jtkabupaten_id_350,Pekanbaru,base.state_id_rikabupaten_id_351,Pelalawan,base.state_id_rikabupaten_id_352,Pemalang,base.state_id_jtkabupaten_id_353,Pematang Siantar,base.state_id_sukabupaten_id_354,Penajam Paser Utara,base.state_id_kikabupaten_id_355,Pesawaran,base.state_id_lakabupaten_id_356,Pesisir Barat,base.state_id_lakabupaten_id_357,Pesisir Selatan,base.state_id_sbkabupaten_id_358,Pidie,base.state_id_ackabupaten_id_359,Pidie Jaya,base.state_id_ackabupaten_id_360,Pinrang,base.state_id_snkabupaten_id_361,Pohuwato,base.state_id_gokabupaten_id_362,Polewali Mandar,base.state_id_srkabupaten_id_363,Ponorogo,base.state_id_jikabupaten_id_364,Pontianak,base.state_id_kbkabupaten_id_365,Pontianak,base.state_id_kbkabupaten_id_366,Poso,base.state_id_stkabupaten_id_367,Prabumulih,base.state_id_sskabupaten_id_368,Pringsewu,base.state_id_lakabupaten_id_369,Probolinggo,base.state_id_jikabupaten_id_370,Probolinggo,base.state_id_jikabupaten_id_371,Pulang Pisau,base.state_id_ktkabupaten_id_372,Pulau Morotai,base.state_id_mukabupaten_id_373,Puncak,base.state_id_pakabupaten_id_374,Puncak Jaya,base.state_id_pakabupaten_id_375,Purbalingga,base.state_id_jtkabupaten_id_376,Purwakarta,base.state_id_jbkabupaten_id_377,Purworejo,base.state_id_jtkabupaten_id_378,Raja Ampat,base.state_id_pbkabupaten_id_379,Rejang Lebong,base.state_id_bekabupaten_id_380,Rembang,base.state_id_jtkabupaten_id_381,Rokan Hilir,base.state_id_rikabupaten_id_382,Rokan Hulu,base.state_id_rikabupaten_id_383,Rote Ndao,base.state_id_ntkabupaten_id_384,Sabang,base.state_id_ackabupaten_id_385,Sabu Raijua,base.state_id_ntkabupaten_id_386,Salatiga,base.state_id_jtkabupaten_id_387,Samarinda,base.state_id_kikabupaten_id_388,Sambas,base.state_id_kbkabupaten_id_389,Samosir,base.state_id_sukabupaten_id_390,Sampang,base.state_id_jikabupaten_id_391,Sanggau,base.state_id_kbkabupaten_id_392,Sarmi,base.state_id_pakabupaten_id_393,Sarolangun,base.state_id_jakabupaten_id_394,Sawah Lunto,base.state_id_sbkabupaten_id_395,Sekadau,base.state_id_kbkabupaten_id_396,Selayar (Kepulauan Selayar),base.state_id_snkabupaten_id_397,Seluma,base.state_id_bekabupaten_id_398,Semarang,base.state_id_jtkabupaten_id_399,Semarang,base.state_id_jtkabupaten_id_400,Seram Bagian Barat,base.state_id_makabupaten_id_401,Seram Bagian Timur,base.state_id_makabupaten_id_402,Serang,base.state_id_btkabupaten_id_403,Serang,base.state_id_btkabupaten_id_404,Serdang Bedagai,base.state_id_sukabupaten_id_405,Seruyan,base.state_id_ktkabupaten_id_406,Siak,base.state_id_rikabupaten_id_407,Sibolga,base.state_id_sukabupaten_id_408,Sidenreng Rappang/Rapang,base.state_id_snkabupaten_id_409,Sidoarjo,base.state_id_jikabupaten_id_410,Sigi,base.state_id_stkabupaten_id_411,Sijunjung (Sawah Lunto Sijunjung),base.state_id_sbkabupaten_id_412,Sikka,base.state_id_ntkabupaten_id_413,Simalungun,base.state_id_sukabupaten_id_414,Simeulue,base.state_id_ackabupaten_id_415,Singkawang,base.state_id_kbkabupaten_id_416,Sinjai,base.state_id_snkabupaten_id_417,Sintang,base.state_id_kbkabupaten_id_418,Situbondo,base.state_id_jikabupaten_id_419,Sleman,base.state_id_yokabupaten_id_420,Solok,base.state_id_sbkabupaten_id_421,Solok,base.state_id_sbkabupaten_id_422,Solok Selatan,base.state_id_sbkabupaten_id_423,Soppeng,base.state_id_snkabupaten_id_424,Sorong,base.state_id_pbkabupaten_id_425,Sorong,base.state_id_pbkabupaten_id_426,Sorong Selatan,base.state_id_pbkabupaten_id_427,Sragen,base.state_id_jtkabupaten_id_428,Subang,base.state_id_jbkabupaten_id_429,Subulussalam,base.state_id_ackabupaten_id_430,Sukabumi,base.state_id_jbkabupaten_id_431,Sukabumi,base.state_id_jbkabupaten_id_432,Sukamara,base.state_id_ktkabupaten_id_433,Sukoharjo,base.state_id_jtkabupaten_id_434,Sumba Barat,base.state_id_ntkabupaten_id_435,Sumba Barat Daya,base.state_id_ntkabupaten_id_436,Sumba Tengah,base.state_id_ntkabupaten_id_437,Sumba Timur,base.state_id_ntkabupaten_id_438,Sumbawa,base.state_id_nbkabupaten_id_439,Sumbawa Barat,base.state_id_nbkabupaten_id_440,Sumedang,base.state_id_jbkabupaten_id_441,Sumenep,base.state_id_jikabupaten_id_442,Sungaipenuh,base.state_id_jakabupaten_id_443,Supiori,base.state_id_pakabupaten_id_444,Surabaya,base.state_id_jikabupaten_id_445,Surakarta (Solo),base.state_id_jtkabupaten_id_446,Tabalong,base.state_id_kskabupaten_id_447,Tabanan,base.state_id_bakabupaten_id_448,Takalar,base.state_id_snkabupaten_id_449,Tambrauw,base.state_id_pbkabupaten_id_450,Tana Tidung,base.state_id_kukabupaten_id_451,Tana Toraja,base.state_id_snkabupaten_id_452,Tanah Bumbu,base.state_id_kskabupaten_id_453,Tanah Datar,base.state_id_sbkabupaten_id_454,Tanah Laut,base.state_id_kskabupaten_id_455,Tangerang,base.state_id_btkabupaten_id_456,Tangerang,base.state_id_btkabupaten_id_457,Tangerang Selatan,base.state_id_btkabupaten_id_458,Tanggamus,base.state_id_lakabupaten_id_459,Tanjung Balai,base.state_id_sukabupaten_id_460,Tanjung Jabung Barat,base.state_id_jakabupaten_id_461,Tanjung Jabung Timur,base.state_id_jakabupaten_id_462,Tanjung Pinang,base.state_id_krkabupaten_id_463,Tapanuli Selatan,base.state_id_sukabupaten_id_464,Tapanuli Tengah,base.state_id_sukabupaten_id_465,Tapanuli Utara,base.state_id_sukabupaten_id_466,Tapin,base.state_id_kskabupaten_id_467,Tarakan,base.state_id_kukabupaten_id_468,Tasikmalaya,base.state_id_jbkabupaten_id_469,Tasikmalaya,base.state_id_jbkabupaten_id_470,Tebing Tinggi,base.state_id_sukabupaten_id_471,Tebo,base.state_id_jakabupaten_id_472,Tegal,base.state_id_jtkabupaten_id_473,Tegal,base.state_id_jtkabupaten_id_474,Teluk Bintuni,base.state_id_pbkabupaten_id_475,Teluk Wondama,base.state_id_pbkabupaten_id_476,Temanggung,base.state_id_jtkabupaten_id_477,Ternate,base.state_id_mukabupaten_id_478,Tidore Kepulauan,base.state_id_mukabupaten_id_479,Timor Tengah Selatan,base.state_id_ntkabupaten_id_480,Timor Tengah Utara,base.state_id_ntkabupaten_id_481,Toba Samosir,base.state_id_sukabupaten_id_482,Tojo Una-Una,base.state_id_stkabupaten_id_483,Toli-Toli,base.state_id_stkabupaten_id_484,Tolikara,base.state_id_pakabupaten_id_485,Tomohon,base.state_id_sakabupaten_id_486,Toraja Utara,base.state_id_snkabupaten_id_487,Trenggalek,base.state_id_jikabupaten_id_488,Tual,base.state_id_makabupaten_id_489,Tuban,base.state_id_jikabupaten_id_490,Tulang Bawang,base.state_id_lakabupaten_id_491,Tulang Bawang Barat,base.state_id_lakabupaten_id_492,Tulungagung,base.state_id_jikabupaten_id_493,Wajo,base.state_id_snkabupaten_id_494,Wakatobi,base.state_id_sgkabupaten_id_495,Waropen,base.state_id_pakabupaten_id_496,Way Kanan,base.state_id_lakabupaten_id_497,Wonogiri,base.state_id_jtkabupaten_id_498,Wonosobo,base.state_id_jtkabupaten_id_499,Yahukimo,base.state_id_pakabupaten_id_500,Yalimo,base.state_id_pakabupaten_id_501,Yogyakarta,base.state_id_yo